{
  "name": "girls",
  "createdAtMillis": 1395687346851,
  "home": {
    "w": "Factions",
    "lx": 464.5930009981154,
    "ly": 68.0,
    "lz": 302.300000011921,
    "p": 6.376104,
    "y": -1.4996948
  }
}