{
  "name": "skypoesje",
  "createdAtMillis": 1396376075597,
  "home": {
    "w": "Factions",
    "lx": -304.5392856094733,
    "ly": 70.0,
    "lz": 670.483725109943,
    "p": 13.454867,
    "y": 113.66406
  }
}