{
  "name": "Jokima",
  "createdAtMillis": 1396731234857,
  "home": {
    "w": "Factions",
    "lx": 430.21020185615635,
    "ly": 70.0,
    "lz": 240.81208391826726,
    "p": 3.0000064,
    "y": -86.85327
  },
  "invitedPlayerIds": [
    "jim5491158",
    "jort100302",
    "juicyorange",
    "jurre101"
  ]
}