{
  "name": "DarkRaid",
  "description": "Wij Ownen Jullie Bitch*jes",
  "createdAtMillis": 1396706228612,
  "home": {
    "w": "Factions",
    "lx": -279.5776170748817,
    "ly": 78.0,
    "lz": -267.60639008798796,
    "p": 10.860162,
    "y": 49.959972
  }
}