{
  "name": "CRM",
  "description": "CRM",
  "createdAtMillis": 1396448731475,
  "home": {
    "w": "Factions",
    "lx": 525.9894379342627,
    "ly": 71.0,
    "lz": 412.65488828507165,
    "p": 36.80616,
    "y": 72.38721
  }
}