{
  "name": "Heffen",
  "description": "Let the battle begin...",
  "createdAtMillis": 1396724293040,
  "home": {
    "w": "Factions",
    "lx": -412.9866717170591,
    "ly": 82.0,
    "lz": 323.11009952840476,
    "p": 20.849989,
    "y": 90.90354
  }
}