{
  "name": "TomDriel",
  "description": "TomDriel",
  "createdAtMillis": 1395561127765,
  "home": {
    "w": "Factions",
    "lx": 322.63773479471075,
    "ly": 74.0,
    "lz": 338.4552846294584,
    "p": 41.099983,
    "y": 130.34958
  }
}