{
  "name": "ALDAN",
  "description": "WHROAW",
  "createdAtMillis": 1398693944037,
  "home": {
    "w": "Factions",
    "lx": -1026.4596360337146,
    "ly": 83.0,
    "lz": 1378.0088616003939,
    "p": 30.300035,
    "y": 118.05076
  }
}