{
  "name": "firedraakgames",
  "description": "check mijn youtube chanel (firedraakgames)",
  "createdAtMillis": 1394743390853,
  "home": {
    "w": "Factions",
    "lx": -666.3193121577438,
    "ly": 68.0,
    "lz": 373.51346661731185,
    "p": 13.813828,
    "y": -359.9203
  }
}