{
  "name": "GoldHunters",
  "description": "We Hunt For GOLD!!!",
  "createdAtMillis": 1397911100725,
  "home": {
    "w": "Factions",
    "lx": 760.6999999880791,
    "ly": 145.0,
    "lz": 64.69999998807913,
    "p": -9.900013,
    "y": 129.49356
  }
}