{
  "name": "YoutubersNL",
  "description": "De Youtubers van Nederland (YasinPlays)",
  "createdAtMillis": 1396547046714,
  "home": {
    "w": "Factions",
    "lx": 377.6491952055304,
    "ly": 5.0,
    "lz": 270.30000001192093,
    "p": 6.0000625,
    "y": 32.997925
  }
}