{
  "name": "DutchArmy962",
  "description": "whe are good friends but bad anemy's",
  "createdAtMillis": 1396946657266,
  "home": {
    "w": "Factions",
    "lx": 478.393921923856,
    "ly": 63.0,
    "lz": 118.96156968329727,
    "p": 22.114147,
    "y": 328.03207
  }
}