{
  "name": "UKWarriors",
  "createdAtMillis": 1398693587052,
  "home": {
    "w": "Factions",
    "lx": 44.99857689191096,
    "ly": 54.0,
    "lz": 809.0459553021606,
    "p": 9.150005,
    "y": 75.0
  }
}