{
  "name": "kippenrijk",
  "createdAtMillis": 1397994290010,
  "home": {
    "w": "Factions",
    "lx": 319.50168794751016,
    "ly": 71.0,
    "lz": 89.32234486500111,
    "p": 24.899979,
    "y": -0.90038526
  }
}