{
  "name": "MCBroz",
  "createdAtMillis": 1396106740041,
  "home": {
    "w": "Factions",
    "lx": 125.80455599631445,
    "ly": 31.0,
    "lz": -266.1522903828683,
    "p": 25.77464,
    "y": 356.7315
  }
}