{
  "name": "Empire",
  "createdAtMillis": 1396978050506,
  "home": {
    "w": "Factions",
    "lx": -242.14997608060546,
    "ly": 62.0,
    "lz": -452.38005306904284,
    "p": 17.699999,
    "y": 49.050392
  }
}