{
  "name": "SlimesGamingHD",
  "createdAtMillis": 1396351580944,
  "home": {
    "w": "Factions",
    "lx": -356.69999998807907,
    "ly": 74.0,
    "lz": 142.59166342349363,
    "p": 10.799994,
    "y": -103.050545
  }
}