{
  "name": "Yay",
  "description": "YaY",
  "createdAtMillis": 1398103447074,
  "home": {
    "w": "Factions",
    "lx": -301.62807776104995,
    "ly": 64.0,
    "lz": 1014.2225350855837,
    "p": 15.599991,
    "y": 357.75
  }
}