{
  "name": "SSG",
  "createdAtMillis": 1396450545156,
  "home": {
    "w": "Factions",
    "lx": -105.45194140940065,
    "ly": 11.0,
    "lz": 1207.4683073554704,
    "p": 51.899982,
    "y": -301.5017
  }
}