{
  "name": "OrBitMines",
  "createdAtMillis": 1395081121488,
  "home": {
    "w": "Factions",
    "lx": -330.6805151513632,
    "ly": 75.0,
    "lz": -139.782353793936,
    "p": 7.950007,
    "y": 0.14373477
  },
  "invitedPlayerIds": [
    "xthobianx"
  ],
  "relationWishes": {
    "5f0d25ba-20ad-4abc-922d-e151c54b46ea": "ALLY"
  }
}