{
  "name": "roepi",
  "createdAtMillis": 1396449747326,
  "home": {
    "w": "Factions",
    "lx": 1173.9042275521165,
    "ly": 81.0,
    "lz": 987.1558189738582,
    "p": 30.499096,
    "y": 345.4317
  },
  "open": true
}