{
  "name": "TheDawgs",
  "description": "Can't Touch This",
  "createdAtMillis": 1396180421874,
  "home": {
    "w": "Factions",
    "lx": -1352.4831619647302,
    "ly": 79.0,
    "lz": 666.8062845719538,
    "p": 6.5857754,
    "y": -270.1399
  }
}