{
  "name": "Oblivion",
  "createdAtMillis": 1396190235603,
  "home": {
    "w": "Factions",
    "lx": 109.52328798805623,
    "ly": 133.0,
    "lz": 1047.7868629504608,
    "p": 19.050022,
    "y": -8.550415
  }
}