{
  "name": "hunterz",
  "createdAtMillis": 1396881949142,
  "home": {
    "w": "Factions",
    "lx": -495.3977553449129,
    "ly": 33.0,
    "lz": 375.48339745482235,
    "p": 17.144888,
    "y": -182.54102
  }
}